"","Date","Policy_Rate"
"1",1995-01-01,8.38
"2",1995-02-01,8.38
"3",1995-03-01,8.47
"4",1995-04-01,8.17
"5",1995-05-01,7.64
"6",1995-06-01,6.97
"7",1995-07-01,6.87
"8",1995-08-01,6.59
"9",1995-09-01,6.71
"10",1995-10-01,7.65
"11",1995-11-01,6.07
"12",1995-12-01,5.79
"13",1996-01-01,5.37
"14",1996-02-01,5.5
"15",1996-03-01,5.25
"16",1996-04-01,5
"17",1996-05-01,5
"18",1996-06-01,5
"19",1996-07-01,4.75
"20",1996-08-01,4.25
"21",1996-09-01,4.25
"22",1996-10-01,3.5
"23",1996-11-01,3.25
"24",1996-12-01,3.25
"25",1997-01-01,3.25
"26",1997-02-01,3.25
"27",1997-03-01,3.25
"28",1997-04-01,3.25
"29",1997-05-01,3.25
"30",1997-06-01,3.25
"31",1997-07-01,3.5
"32",1997-08-01,3.5
"33",1997-09-01,3.5
"34",1997-10-01,3.75
"35",1997-11-01,4
"36",1997-12-01,4.5
"37",1998-01-01,4.5
"38",1998-02-01,5
"39",1998-03-01,5
"40",1998-04-01,5
"41",1998-05-01,5
"42",1998-06-01,5
"43",1998-07-01,5
"44",1998-08-01,5
"45",1998-09-01,5.75
"46",1998-10-01,5.5
"47",1998-11-01,5.25
"48",1998-12-01,5.25
"49",1999-01-01,5.25
"50",1999-02-01,5.25
"51",1999-03-01,5
"52",1999-04-01,5
"53",1999-05-01,4.75
"54",1999-06-01,4.75
"55",1999-07-01,4.75
"56",1999-08-01,4.75
"57",1999-09-01,4.75
"58",1999-10-01,4.75
"59",1999-11-01,5
"60",1999-12-01,5
"61",2000-01-01,5
"62",2000-02-01,5.25
"63",2000-03-01,5.5
"64",2000-04-01,5.5
"65",2000-05-01,6
"66",2000-06-01,6
"67",2000-07-01,6
"68",2000-08-01,6
"69",2000-09-01,6
"70",2000-10-01,6
"71",2000-11-01,6
"72",2000-12-01,6
"73",2001-01-01,5.75
"74",2001-02-01,5.75
"75",2001-03-01,5.25
"76",2001-04-01,5
"77",2001-05-01,4.75
"78",2001-06-01,4.75
"79",2001-07-01,4.5
"80",2001-08-01,4.25
"81",2001-09-01,3.75
"82",2001-10-01,3
"83",2001-11-01,2.5
"84",2001-12-01,2.5
"85",2002-01-01,2.25
"86",2002-02-01,2.25
"87",2002-03-01,2.25
"88",2002-04-01,2.5
"89",2002-05-01,2.5
"90",2002-06-01,2.75
"91",2002-07-01,3
"92",2002-08-01,3
"93",2002-09-01,3
"94",2002-10-01,3
"95",2002-11-01,3
"96",2002-12-01,3
"97",2003-01-01,3
"98",2003-02-01,3
"99",2003-03-01,3.25
"100",2003-04-01,3.5
"101",2003-05-01,3.5
"102",2003-06-01,3.5
"103",2003-07-01,3.25
"104",2003-08-01,3.25
"105",2003-09-01,3
"106",2003-10-01,3
"107",2003-11-01,3
"108",2003-12-01,3
"109",2004-01-01,2.75
"110",2004-02-01,2.75
"111",2004-03-01,2.5
"112",2004-04-01,2.25
"113",2004-05-01,2.25
"114",2004-06-01,2.25
"115",2004-07-01,2.25
"116",2004-08-01,2.25
"117",2004-09-01,2.5
"118",2004-10-01,2.75
"119",2004-11-01,2.75
"120",2004-12-01,2.75
"121",2005-01-01,2.75
"122",2005-02-01,2.75
"123",2005-03-01,2.75
"124",2005-04-01,2.75
"125",2005-05-01,2.75
"126",2005-06-01,2.75
"127",2005-07-01,2.75
"128",2005-08-01,2.75
"129",2005-09-01,3
"130",2005-10-01,3.25
"131",2005-11-01,3.25
"132",2005-12-01,3.5
"133",2006-01-01,3.75
"134",2006-02-01,3.75
"135",2006-03-01,4
"136",2006-04-01,4.25
"137",2006-05-01,4.5
"138",2006-06-01,4.5
"139",2006-07-01,4.5
"140",2006-08-01,4.5
"141",2006-09-01,4.5
"142",2006-10-01,4.5
"143",2006-11-01,4.5
"144",2006-12-01,4.5
"145",2007-01-01,4.5
"146",2007-02-01,4.5
"147",2007-03-01,4.5
"148",2007-04-01,4.5
"149",2007-05-01,4.5
"150",2007-06-01,4.5
"151",2007-07-01,4.75
"152",2007-08-01,4.75
"153",2007-09-01,4.75
"154",2007-10-01,4.75
"155",2007-11-01,4.75
"156",2007-12-01,4.5
"157",2008-01-01,4.25
"158",2008-02-01,4.25
"159",2008-03-01,3.75
"160",2008-04-01,3.25
"161",2008-05-01,3.25
"162",2008-06-01,3.25
"163",2008-07-01,3.25
"164",2008-08-01,3.25
"165",2008-09-01,3.25
"166",2008-10-01,2.5
"167",2008-11-01,2.5
"168",2008-12-01,1.75
"169",2009-01-01,1.25
"170",2009-02-01,1.25
"171",2009-03-01,0.75
"172",2009-04-01,0.5
"173",2009-05-01,0.5
"174",2009-06-01,0.5
"175",2009-07-01,0.5
"176",2009-08-01,0.5
"177",2009-09-01,0.5
"178",2009-10-01,0.5
"179",2009-11-01,0.5
"180",2009-12-01,0.5
"181",2010-01-01,0.5
"182",2010-02-01,0.5
"183",2010-03-01,0.5
"184",2010-04-01,0.5
"185",2010-05-01,0.5
"186",2010-06-01,0.75
"187",2010-07-01,1
"188",2010-08-01,1
"189",2010-09-01,1.25
"190",2010-10-01,1.25
"191",2010-11-01,1.25
"192",2010-12-01,1.25
"193",2011-01-01,1.25
"194",2011-02-01,1.25
"195",2011-03-01,1.25
"196",2011-04-01,1.25
"197",2011-05-01,1.25
"198",2011-06-01,1.25
"199",2011-07-01,1.25
"200",2011-08-01,1.25
"201",2011-09-01,1.25
"202",2011-10-01,1.25
"203",2011-11-01,1.25
"204",2011-12-01,1.25
"205",2012-01-01,1.25
"206",2012-02-01,1.25
"207",2012-03-01,1.25
"208",2012-04-01,1.25
"209",2012-05-01,1.25
"210",2012-06-01,1.25
"211",2012-07-01,1.25
"212",2012-08-01,1.25
"213",2012-09-01,1.25
"214",2012-10-01,1.25
"215",2012-11-01,1.25
"216",2012-12-01,1.25
"217",2013-01-01,1.25
"218",2013-02-01,1.25
"219",2013-03-01,1.25
"220",2013-04-01,1.25
"221",2013-05-01,1.25
"222",2013-06-01,1.25
"223",2013-07-01,1.25
"224",2013-08-01,1.25
"225",2013-09-01,1.25
"226",2013-10-01,1.25
"227",2013-11-01,1.25
"228",2013-12-01,1.25
"229",2014-01-01,1.25
"230",2014-02-01,1.25
"231",2014-03-01,1.25
"232",2014-04-01,1.25
"233",2014-05-01,1.25
"234",2014-06-01,1.25
"235",2014-07-01,1.25
"236",2014-08-01,1.25
"237",2014-09-01,1.25
"238",2014-10-01,1.25
"239",2014-11-01,1.25
"240",2014-12-01,1.25
"241",2015-01-01,1
"242",2015-02-01,1
"243",2015-03-01,1
"244",2015-04-01,1
"245",2015-05-01,1
"246",2015-06-01,1
"247",2015-07-01,0.75
"248",2015-08-01,0.75
"249",2015-09-01,0.75
"250",2015-10-01,0.75
"251",2015-11-01,0.75
"252",2015-12-01,0.75
"253",2016-01-01,0.75
"254",2016-02-01,0.75
"255",2016-03-01,0.75
"256",2016-04-01,0.75
"257",2016-05-01,0.75
"258",2016-06-01,0.75
"259",2016-07-01,0.75
"260",2016-08-01,0.75
"261",2016-09-01,0.75
"262",2016-10-01,0.75
"263",2016-11-01,0.75
"264",2016-12-01,0.75
"265",2017-01-01,0.75
"266",2017-02-01,0.75
"267",2017-03-01,0.75
"268",2017-04-01,0.75
"269",2017-05-01,0.75
"270",2017-06-01,0.75
"271",2017-07-01,1
"272",2017-08-01,1
"273",2017-09-01,1.25
"274",2017-10-01,1.25
"275",2017-11-01,1.25
"276",2017-12-01,1.25
"277",2018-01-01,1.5
"278",2018-02-01,1.5
"279",2018-03-01,1.5
"280",2018-04-01,1.5
"281",2018-05-01,1.5
"282",2018-06-01,1.5
"283",2018-07-01,1.75
"284",2018-08-01,1.75
"285",2018-09-01,1.75
"286",2018-10-01,2
"287",2018-11-01,2
"288",2018-12-01,2
"289",2019-01-01,2
"290",2019-02-01,2
"291",2019-03-01,2
"292",2019-04-01,2
"293",2019-05-01,2
"294",2019-06-01,2
"295",2019-07-01,2
"296",2019-08-01,2
"297",2019-09-01,2
"298",2019-10-01,2
"299",2019-11-01,2
"300",2019-12-01,2
"301",2020-01-01,2
"302",2020-02-01,2
"303",2020-03-01,1
"304",2020-04-01,0.5
"305",2020-05-01,0.5
"306",2020-06-01,0.5
"307",2020-07-01,0.5
"308",2020-08-01,0.5
"309",2020-09-01,0.5
"310",2020-10-01,0.5
"311",2020-11-01,0.5
"312",2020-12-01,0.5
"313",2021-01-01,0.5
"314",2021-02-01,0.5
"315",2021-03-01,0.5
"316",2021-04-01,0.5
"317",2021-05-01,0.5
"318",2021-06-01,0.5
"319",2021-07-01,0.5
"320",2021-08-01,0.5
"321",2021-09-01,0.5
"322",2021-10-01,0.5
"323",2021-11-01,0.5
"324",2021-12-01,0.5
"325",2022-01-01,0.5
"326",2022-02-01,0.5
"327",2022-03-01,0.75
"328",2022-04-01,1.25
"329",2022-05-01,1.25
"330",2022-06-01,1.75
"331",2022-07-01,2.75
"332",2022-08-01,2.75
"333",2022-09-01,3.5
"334",2022-10-01,3.5
"335",2022-11-01,4
"336",2022-12-01,4.5
"337",2023-01-01,4.5
"338",2023-02-01,4.75
"339",2023-03-01,4.75
"340",2023-04-01,4.75
"341",2023-05-01,4.75
"342",2023-06-01,5
"343",2023-07-01,5.25
"344",2023-08-01,5.25
"345",2023-09-01,5.25
"346",2023-10-01,5.25
"347",2023-11-01,5.25
"348",2023-12-01,5.25
"349",2024-01-01,4.75
"350",2024-02-01,4.75
"351",2024-03-01,4.75
"352",2024-04-01,4.75
"353",2024-05-01,4.75
"354",2024-06-01,4.75
"355",2024-07-01,4.5
"356",2024-08-01,4.5
"357",2024-09-01,4.25
"358",2024-10-01,3.75
"359",2024-11-01,3.75
"360",2024-12-01,3.25
"361",2025-01-01,3
"362",2025-02-01,3
"363",2025-03-01,2.75
"364",2025-04-01,2.75
"365",2025-05-01,2.75
"366",2025-06-01,2.75
"367",2025-07-01,2.75
"368",2025-08-01,2.75
"369",2025-09-01,2.5
"370",2025-10-01,2.25
"371",2025-11-01,2.25
"372",2025-12-01,2.25
