"","Date","CPI_Trim","Total_CPI"
"1",1996-01-01,1.5,1.6
"2",1996-02-01,1.5,1.3
"3",1996-03-01,1.4,1.5
"4",1996-04-01,1.2,1.4
"5",1996-05-01,1.2,1.5
"6",1996-06-01,1.2,1.5
"7",1996-07-01,1.2,1.3
"8",1996-08-01,1.1,1.5
"9",1996-09-01,1.1,1.5
"10",1996-10-01,1.3,1.8
"11",1996-11-01,1.4,1.9
"12",1996-12-01,1.4,2.2
"13",1997-01-01,1.3,2.2
"14",1997-02-01,1.3,2.3
"15",1997-03-01,1.3,1.9
"16",1997-04-01,1.3,1.7
"17",1997-05-01,1.2,1.5
"18",1997-06-01,1.3,1.7
"19",1997-07-01,1.1,1.7
"20",1997-08-01,1.2,1.8
"21",1997-09-01,1.1,1.7
"22",1997-10-01,1,1.5
"23",1997-11-01,0.8,0.9
"24",1997-12-01,0.8,0.8
"25",1998-01-01,1.1,1.1
"26",1998-02-01,1.1,1
"27",1998-03-01,0.9,1
"28",1998-04-01,0.9,0.9
"29",1998-05-01,0.9,1.1
"30",1998-06-01,0.9,1
"31",1998-07-01,1.1,1
"32",1998-08-01,1.1,0.9
"33",1998-09-01,1,0.7
"34",1998-10-01,1.2,1.1
"35",1998-11-01,1.2,1.2
"36",1998-12-01,1.1,1
"37",1999-01-01,1,0.7
"38",1999-02-01,1,0.7
"39",1999-03-01,1.2,1
"40",1999-04-01,1.3,1.6
"41",1999-05-01,1.3,1.5
"42",1999-06-01,1.2,1.6
"43",1999-07-01,1.3,1.9
"44",1999-08-01,1.3,2.1
"45",1999-09-01,1.6,2.6
"46",1999-10-01,1.5,2.3
"47",1999-11-01,1.5,2.2
"48",1999-12-01,1.6,2.6
"49",2000-01-01,1.5,2.2
"50",2000-02-01,1.6,2.7
"51",2000-03-01,1.6,3
"52",2000-04-01,1.5,2.2
"53",2000-05-01,1.6,2.4
"54",2000-06-01,1.8,2.8
"55",2000-07-01,1.8,2.9
"56",2000-08-01,1.9,2.6
"57",2000-09-01,1.8,2.7
"58",2000-10-01,1.9,2.8
"59",2000-11-01,2,3.2
"60",2000-12-01,2.1,3.2
"61",2001-01-01,2.2,3
"62",2001-02-01,2.2,2.9
"63",2001-03-01,2.2,2.4
"64",2001-04-01,2.4,3.5
"65",2001-05-01,2.4,3.9
"66",2001-06-01,2.4,3.4
"67",2001-07-01,2.5,2.7
"68",2001-08-01,2.4,2.8
"69",2001-09-01,2.3,2.6
"70",2001-10-01,2.2,1.9
"71",2001-11-01,1.9,0.6
"72",2001-12-01,1.9,0.7
"73",2002-01-01,2,1.3
"74",2002-02-01,2,1.4
"75",2002-03-01,2,1.9
"76",2002-04-01,2.1,1.7
"77",2002-05-01,2,1.1
"78",2002-06-01,1.9,1.2
"79",2002-07-01,1.9,2.1
"80",2002-08-01,2.1,2.5
"81",2002-09-01,2.1,2.3
"82",2002-10-01,2.1,3.2
"83",2002-11-01,2.3,4.4
"84",2002-12-01,2.2,3.8
"85",2003-01-01,2.2,4.5
"86",2003-02-01,2.3,4.7
"87",2003-03-01,2.2,4.2
"88",2003-04-01,2,2.9
"89",2003-05-01,1.9,2.8
"90",2003-06-01,1.9,2.6
"91",2003-07-01,1.8,2.1
"92",2003-08-01,1.7,2
"93",2003-09-01,1.8,2.2
"94",2003-10-01,1.7,1.6
"95",2003-11-01,1.7,1.6
"96",2003-12-01,1.7,2.1
"97",2004-01-01,1.7,1.3
"98",2004-02-01,1.6,0.7
"99",2004-03-01,1.4,0.8
"100",2004-04-01,1.6,1.7
"101",2004-05-01,1.6,2.4
"102",2004-06-01,1.6,2.5
"103",2004-07-01,1.7,2.3
"104",2004-08-01,1.7,1.8
"105",2004-09-01,1.6,1.8
"106",2004-10-01,1.7,2.3
"107",2004-11-01,1.9,2.4
"108",2004-12-01,1.9,2.1
"109",2005-01-01,1.7,1.9
"110",2005-02-01,1.7,2.1
"111",2005-03-01,1.9,2.3
"112",2005-04-01,1.8,2.4
"113",2005-05-01,1.8,1.6
"114",2005-06-01,1.8,1.7
"115",2005-07-01,1.7,2
"116",2005-08-01,1.7,2.6
"117",2005-09-01,1.8,3.2
"118",2005-10-01,1.8,2.6
"119",2005-11-01,1.7,2
"120",2005-12-01,1.6,2.1
"121",2006-01-01,1.8,2.8
"122",2006-02-01,1.7,2.2
"123",2006-03-01,1.8,2.2
"124",2006-04-01,1.7,2.4
"125",2006-05-01,1.9,2.8
"126",2006-06-01,1.7,2.4
"127",2006-07-01,2,2.3
"128",2006-08-01,2.2,2.1
"129",2006-09-01,2.3,0.7
"130",2006-10-01,2.4,1
"131",2006-11-01,2.5,1.4
"132",2006-12-01,2.5,1.7
"133",2007-01-01,2.5,1.1
"134",2007-02-01,2.8,2
"135",2007-03-01,2.8,2.3
"136",2007-04-01,2.8,2.2
"137",2007-05-01,2.8,2.2
"138",2007-06-01,2.9,2.2
"139",2007-07-01,2.7,2.2
"140",2007-08-01,2.5,1.7
"141",2007-09-01,2.5,2.5
"142",2007-10-01,2.4,2.4
"143",2007-11-01,2.2,2.5
"144",2007-12-01,2.2,2.4
"145",2008-01-01,2.3,2.2
"146",2008-02-01,2.2,1.8
"147",2008-03-01,2,1.4
"148",2008-04-01,2.3,1.7
"149",2008-05-01,2.3,2.2
"150",2008-06-01,2.3,3.1
"151",2008-07-01,2.5,3.4
"152",2008-08-01,2.5,3.5
"153",2008-09-01,2.5,3.4
"154",2008-10-01,2.5,2.6
"155",2008-11-01,2.7,2
"156",2008-12-01,2.7,1.2
"157",2009-01-01,2.5,1.1
"158",2009-02-01,2.4,1.4
"159",2009-03-01,2.4,1.2
"160",2009-04-01,2,0.4
"161",2009-05-01,2,0.1
"162",2009-06-01,1.9,-0.3
"163",2009-07-01,1.6,-0.9
"164",2009-08-01,1.5,-0.8
"165",2009-09-01,1.3,-0.9
"166",2009-10-01,1.3,0.1
"167",2009-11-01,1.3,1
"168",2009-12-01,1.3,1.3
"169",2010-01-01,1.3,1.9
"170",2010-02-01,1.3,1.6
"171",2010-03-01,1.1,1.4
"172",2010-04-01,1.3,1.8
"173",2010-05-01,1.2,1.4
"174",2010-06-01,1.1,1
"175",2010-07-01,1.3,1.8
"176",2010-08-01,1.2,1.7
"177",2010-09-01,1.3,1.9
"178",2010-10-01,1.5,2.4
"179",2010-11-01,1.3,2
"180",2010-12-01,1.4,2.4
"181",2011-01-01,1.3,2.3
"182",2011-02-01,1.2,2.2
"183",2011-03-01,1.6,3.3
"184",2011-04-01,1.5,3.3
"185",2011-05-01,1.8,3.7
"186",2011-06-01,1.8,3.1
"187",2011-07-01,1.8,2.7
"188",2011-08-01,2,3.1
"189",2011-09-01,2.1,3.2
"190",2011-10-01,2,2.9
"191",2011-11-01,2.1,2.9
"192",2011-12-01,1.9,2.3
"193",2012-01-01,2.1,2.5
"194",2012-02-01,2.2,2.6
"195",2012-03-01,1.9,1.9
"196",2012-04-01,2.1,2
"197",2012-05-01,1.7,1.2
"198",2012-06-01,1.5,1.5
"199",2012-07-01,1.5,1.3
"200",2012-08-01,1.5,1.2
"201",2012-09-01,1.3,1.2
"202",2012-10-01,1.3,1.2
"203",2012-11-01,1.2,0.8
"204",2012-12-01,1.2,0.8
"205",2013-01-01,1,0.5
"206",2013-02-01,1.2,1.2
"207",2013-03-01,1.2,1
"208",2013-04-01,0.9,0.4
"209",2013-05-01,1.1,0.7
"210",2013-06-01,1.3,1.2
"211",2013-07-01,1.3,1.3
"212",2013-08-01,1.1,1.1
"213",2013-09-01,1.3,1.1
"214",2013-10-01,1.2,0.7
"215",2013-11-01,1.3,0.9
"216",2013-12-01,1.4,1.2
"217",2014-01-01,1.5,1.5
"218",2014-02-01,1.3,1.1
"219",2014-03-01,1.5,1.5
"220",2014-04-01,1.6,2
"221",2014-05-01,1.8,2.3
"222",2014-06-01,1.8,2.4
"223",2014-07-01,1.6,2.1
"224",2014-08-01,1.7,2.1
"225",2014-09-01,1.7,2
"226",2014-10-01,1.7,2.4
"227",2014-11-01,1.7,2
"228",2014-12-01,1.6,1.5
"229",2015-01-01,1.7,1
"230",2015-02-01,1.6,1
"231",2015-03-01,1.6,1.2
"232",2015-04-01,1.4,0.8
"233",2015-05-01,1.5,0.9
"234",2015-06-01,1.5,1
"235",2015-07-01,1.7,1.3
"236",2015-08-01,1.6,1.3
"237",2015-09-01,1.7,1
"238",2015-10-01,1.7,1
"239",2015-11-01,1.8,1.4
"240",2015-12-01,1.8,1.6
"241",2016-01-01,1.8,2
"242",2016-02-01,1.8,1.4
"243",2016-03-01,1.8,1.3
"244",2016-04-01,1.9,1.7
"245",2016-05-01,1.9,1.5
"246",2016-06-01,2,1.5
"247",2016-07-01,1.9,1.3
"248",2016-08-01,1.9,1.1
"249",2016-09-01,1.8,1.3
"250",2016-10-01,1.8,1.5
"251",2016-11-01,1.6,1.2
"252",2016-12-01,1.6,1.5
"253",2017-01-01,1.6,2.1
"254",2017-02-01,1.5,2
"255",2017-03-01,1.4,1.6
"256",2017-04-01,1.4,1.6
"257",2017-05-01,1.2,1.3
"258",2017-06-01,1.2,1
"259",2017-07-01,1.3,1.2
"260",2017-08-01,1.4,1.4
"261",2017-09-01,1.4,1.6
"262",2017-10-01,1.4,1.4
"263",2017-11-01,1.7,2.1
"264",2017-12-01,1.8,1.9
"265",2018-01-01,1.8,1.7
"266",2018-02-01,2,2.2
"267",2018-03-01,1.9,2.3
"268",2018-04-01,2,2.2
"269",2018-05-01,1.9,2.2
"270",2018-06-01,1.9,2.5
"271",2018-07-01,2.1,3
"272",2018-08-01,2.1,2.8
"273",2018-09-01,2,2.2
"274",2018-10-01,2,2.4
"275",2018-11-01,1.9,1.7
"276",2018-12-01,1.9,2
"277",2019-01-01,1.9,1.4
"278",2019-02-01,2,1.5
"279",2019-03-01,2.2,1.9
"280",2019-04-01,2,2
"281",2019-05-01,2.2,2.4
"282",2019-06-01,2.1,2
"283",2019-07-01,2.1,2
"284",2019-08-01,2,1.9
"285",2019-09-01,2,1.9
"286",2019-10-01,2.1,1.9
"287",2019-11-01,2.2,2.2
"288",2019-12-01,2.1,2.2
"289",2020-01-01,2,2.4
"290",2020-02-01,1.9,2.2
"291",2020-03-01,1.8,0.9
"292",2020-04-01,1.8,-0.2
"293",2020-05-01,1.5,-0.4
"294",2020-06-01,1.7,0.7
"295",2020-07-01,1.6,0.1
"296",2020-08-01,1.6,0.1
"297",2020-09-01,1.7,0.5
"298",2020-10-01,1.8,0.7
"299",2020-11-01,1.9,1
"300",2020-12-01,1.8,0.7
"301",2021-01-01,1.9,1
"302",2021-02-01,2,1.1
"303",2021-03-01,2.2,2.2
"304",2021-04-01,2.4,3.4
"305",2021-05-01,2.8,3.6
"306",2021-06-01,2.8,3.1
"307",2021-07-01,3.2,3.7
"308",2021-08-01,3.4,4.1
"309",2021-09-01,3.5,4.4
"310",2021-10-01,3.5,4.7
"311",2021-11-01,3.6,4.7
"312",2021-12-01,4,4.8
"313",2022-01-01,4.2,5.1
"314",2022-02-01,4.5,5.7
"315",2022-03-01,5,6.7
"316",2022-04-01,5.3,6.8
"317",2022-05-01,5.6,7.7
"318",2022-06-01,5.7,8.1
"319",2022-07-01,5.6,7.6
"320",2022-08-01,5.4,7
"321",2022-09-01,5.5,6.9
"322",2022-10-01,5.5,6.9
"323",2022-11-01,5.4,6.8
"324",2022-12-01,5.2,6.3
"325",2023-01-01,5,5.9
"326",2023-02-01,4.7,5.2
"327",2023-03-01,4.2,4.3
"328",2023-04-01,4.1,4.4
"329",2023-05-01,3.6,3.4
"330",2023-06-01,3.6,2.8
"331",2023-07-01,3.5,3.3
"332",2023-08-01,3.8,4
"333",2023-09-01,3.5,3.8
"334",2023-10-01,3.4,3.1
"335",2023-11-01,3.5,3.1
"336",2023-12-01,3.7,3.4
"337",2024-01-01,3.4,2.9
"338",2024-02-01,3.2,2.8
"339",2024-03-01,3.2,2.9
"340",2024-04-01,2.9,2.7
"341",2024-05-01,3.1,2.9
"342",2024-06-01,3,2.7
"343",2024-07-01,2.8,2.5
"344",2024-08-01,2.6,2
"345",2024-09-01,2.6,1.6
"346",2024-10-01,2.8,2
"347",2024-11-01,2.7,1.9
"348",2024-12-01,2.5,1.8
"349",2025-01-01,2.8,1.9
"350",2025-02-01,2.9,2.6
"351",2025-03-01,2.9,2.3
"352",2025-04-01,3.1,1.7
"353",2025-05-01,3,1.7
"354",2025-06-01,3.1,1.9
"355",2025-07-01,3.1,1.7
"356",2025-08-01,3,1.9
"357",2025-09-01,3.1,2.4
"358",2025-10-01,3,2.2
"359",2025-11-01,2.9,2.2
"360",2025-12-01,2.7,2.4
"361",2026-01-01,2.4,2.3
"362",2026-02-01,2.3,1.8
"363",2026-03-01,2.2,2.4
"364",2026-04-01,2,2.8
